1,MacPherson strut front suspension
1,Multi-link rear suspension
1,Four-wheel independent suspension
1,Front and rear stabilizer bar
2,Four-wheel independent suspension
2,Front and rear stabilizer bar
3,MacPherson strut front suspension
3,Multi-link rear suspension
3,Four-wheel independent suspension
3,Front and rear stabilizer bar
4,Four-wheel independent suspension
4,Front and rear stabilizer bar
5,MacPherson strut front suspension
5,Double wishbone rear suspension
5,Four-wheel independent suspension
5,Front and rear stabilizer bar
6,Four-wheel independent suspension
6,Front and rear stabilizer bar
7,Four-wheel independent suspension
7,Front and rear stabilizer bar
8,Four-wheel independent suspension
8,Front and rear stabilizer bar
9,Four-wheel independent suspension
9,Front and rear stabilizer bar
10,MacPherson strut front suspension
10,Multi-link rear suspension
10,Four-wheel independent suspension
10,Front and rear stabilizer bar
11,Four-wheel independent suspension
11,Front and rear stabilizer bar
12,Four-wheel independent suspension
12,Stabilizer bar stabilizer bar
13,Four-wheel independent suspension
13,Stabilizer bar stabilizer bar
14,Four-wheel independent suspension
14,Stabilizer bar stabilizer bar
15,Four-wheel independent suspension
15,Stabilizer bar stabilizer bar
16,Four-wheel independent suspension
16,Front and rear stabilizer bar
17,Four-wheel independent suspension
17,Front and rear stabilizer bar
18,Four-wheel independent suspension
18,Front and rear stabilizer bar
19,Four-wheel independent suspension
19,Front and rear stabilizer bar
20,Four-wheel independent suspension
20,Front and rear stabilizer bar
21,Four-wheel independent suspension
21,Front and rear stabilizer bar
22,Four-wheel independent suspension
22,Front and rear stabilizer bar
23,Four-wheel independent suspension
23,Front and rear stabilizer bar
24,Four-wheel independent suspension
24,Front and rear stabilizer bar
25,Double wishbone front suspension
25,Double wishbone rear suspension
25,Four-wheel independent suspension
25,Front and rear stabilizer bar
26,Four-wheel independent suspension
26,Front and rear stabilizer bar
27,Four-wheel independent suspension
27,Front and rear stabilizer bar
28,Four-wheel independent suspension
28,Front and rear stabilizer bar
29,Four-wheel independent suspension
29,Front and rear stabilizer bar
30,Four-wheel independent suspension
30,Front and rear stabilizer bar
31,Four-wheel independent suspension
31,Front and rear stabilizer bar
32,Four-wheel independent suspension
32,Front and rear stabilizer bar
33,Four-wheel independent suspension
33,Front and rear stabilizer bar
34,Four-wheel independent suspension
34,Front and rear stabilizer bar
35,Four-wheel independent suspension
35,Front and rear stabilizer bar
36,Four-wheel independent suspension
36,Front and rear stabilizer bar
37,Four-wheel independent suspension
37,Front and rear stabilizer bar
38,MacPherson strut front suspension
38,Multi-link rear suspension
38,Four-wheel independent suspension
38,Front and rear stabilizer bar
39,Four-wheel independent suspension
39,Front and rear stabilizer bar
40,Four-wheel independent suspension
40,Front and rear stabilizer bar
41,Four-wheel independent suspension
41,Front and rear stabilizer bar
42,Four-wheel independent suspension
42,Front and rear stabilizer bar
43,Four-wheel independent suspension
43,Front and rear stabilizer bar
44,Four-wheel independent suspension
44,Front and rear stabilizer bar
45,Four-wheel independent suspension
45,Front and rear stabilizer bar
46,Four-wheel independent suspension
46,Front and rear stabilizer bar
47,Four-wheel independent suspension
47,Front and rear stabilizer bar
48,Four-wheel independent suspension
48,Front and rear stabilizer bar
49,Four-wheel independent suspension
49,Front and rear stabilizer bar
50,Four-wheel independent suspension
50,Front and rear stabilizer bar
51,Four-wheel independent suspension
51,Front and rear stabilizer bar
52,Four-wheel independent suspension
52,Front and rear stabilizer bar
53,Four-wheel independent suspension
53,Front and rear stabilizer bar
54,Four-wheel independent suspension
54,Front and rear stabilizer bar
55,Four-wheel independent suspension
55,Front and rear stabilizer bar
56,Four-wheel independent suspension
56,Front and rear stabilizer bar
57,Four-wheel independent suspension
57,Front and rear stabilizer bar
58,Four-wheel independent suspension
58,Front and rear stabilizer bar
59,Four-wheel independent suspension
59,Front and rear stabilizer bar
60,Four-wheel independent suspension
60,Front and rear stabilizer bar
61,Four-wheel independent suspension
61,Front and rear stabilizer bar
62,Multi-link front suspension
62,Multi-link rear suspension
62,Four-wheel independent suspension
62,Front and rear stabilizer bar
63,Four-wheel independent suspension
63,Front and rear stabilizer bar
64,Four-wheel independent suspension
64,Front and rear stabilizer bar
65,Four-wheel independent suspension
65,Front and rear stabilizer bar
66,Four-wheel independent suspension
66,Front and rear stabilizer bar
67,Four-wheel independent suspension
67,Front and rear stabilizer bar
68,Four-wheel independent suspension
68,Front and rear stabilizer bar
69,Four-wheel independent suspension
69,Front and rear stabilizer bar
70,Four-wheel independent suspension
70,Front and rear stabilizer bar
71,Four-wheel independent suspension
71,Front and rear stabilizer bar
72,Four-wheel independent suspension
72,Front and rear stabilizer bar
73,Four-wheel independent suspension
73,Front and rear stabilizer bar
74,Four-wheel independent suspension
74,Front and rear stabilizer bar
75,Four-wheel independent suspension
75,Front and rear stabilizer bar
76,Four-wheel independent suspension
76,Front and rear stabilizer bar
77,Four-wheel independent suspension
77,Front and rear stabilizer bar
78,Four-wheel independent suspension
78,Front and rear stabilizer bar
79,Four-wheel independent suspension
79,Front and rear stabilizer bar
80,Four-wheel independent suspension
80,Front and rear stabilizer bar
81,Four-wheel independent suspension
81,Front and rear stabilizer bar
82,Four-wheel independent suspension
82,Front and rear stabilizer bar
83,Four-wheel independent suspension
83,Front and rear stabilizer bar
84,Four-wheel independent suspension
84,Front and rear stabilizer bar
85,Four-wheel independent suspension
85,Front and rear stabilizer bar
86,Four-wheel independent suspension
86,Front and rear stabilizer bar
87,Four-wheel independent suspension
87,Front and rear stabilizer bar
88,Four-wheel independent suspension
88,Front and rear stabilizer bar
89,Four-wheel independent suspension
89,Front and rear stabilizer bar
90,Four-wheel independent suspension
90,Front and rear stabilizer bar
91,Four-wheel independent suspension
91,Front and rear stabilizer bar
92,Four-wheel independent suspension
92,Front and rear stabilizer bar
93,Four-wheel independent suspension
93,Front and rear stabilizer bar
94,Four-wheel independent suspension
94,Front and rear stabilizer bar
95,Four-wheel independent suspension
95,Front and rear stabilizer bar
96,MacPherson strut front suspension
96,Multi-link rear suspension
96,Four-wheel independent suspension
96,Front and rear stabilizer bar
97,Four-wheel independent suspension
97,Front and rear stabilizer bar
98,MacPherson strut front suspension
98,Multi-link rear suspension
98,Four-wheel independent suspension
98,Front and rear stabilizer bar
99,Four-wheel independent suspension
99,Front and rear stabilizer bar
100,MacPherson strut front suspension
100,Multi-link rear suspension
100,Four-wheel independent suspension
100,Front and rear stabilizer bar
101,MacPherson strut front suspension
101,Multi-link rear suspension
101,Four-wheel independent suspension
101,Front and rear stabilizer bar
102,Four-wheel independent suspension
102,Front and rear stabilizer bar
103,Four-wheel independent suspension
103,Front and rear stabilizer bar
104,Four-wheel independent suspension
104,Front and rear stabilizer bar
105,Four-wheel independent suspension
105,Front and rear stabilizer bar
106,Four-wheel independent suspension
106,Front and rear stabilizer bar
107,Four-wheel independent suspension
107,Front and rear stabilizer bar
108,Four-wheel independent suspension
108,Stabilizer bar stabilizer bar
109,Four-wheel independent suspension
109,Front and rear stabilizer bar
110,Four-wheel independent suspension
110,Front and rear stabilizer bar
111,Four-wheel independent suspension
111,Front and rear stabilizer bar
112,Four-wheel independent suspension
112,Front and rear stabilizer bar
113,Four-wheel independent suspension
113,Front and rear stabilizer bar
114,Four-wheel independent suspension
114,Front and rear stabilizer bar
115,Four-wheel independent suspension
115,Front and rear stabilizer bar
116,Four-wheel independent suspension
116,Front and rear stabilizer bar
117,Four-wheel independent suspension
117,Front and rear stabilizer bar
118,Four-wheel independent suspension
118,Front and rear stabilizer bar
119,Four-wheel independent suspension
119,Front and rear stabilizer bar
120,Four-wheel independent suspension
120,Front and rear stabilizer bar
121,Four-wheel independent suspension
121,Front and rear stabilizer bar
122,Four-wheel independent suspension
122,Front and rear stabilizer bar
123,Four-wheel independent suspension
123,Front and rear stabilizer bar
124,Four-wheel independent suspension
124,Front and rear stabilizer bar
125,Four-wheel independent suspension
125,Front and rear stabilizer bar
126,Four-wheel independent suspension
126,Stabilizer bar stabilizer bar
127,Four-wheel independent suspension
127,Stabilizer bar stabilizer bar
128,Four-wheel independent suspension
128,Stabilizer bar stabilizer bar
129,Four-wheel independent suspension
129,Stabilizer bar stabilizer bar
130,MacPherson strut front suspension
130,Multi-link rear suspension
130,Four-wheel independent suspension
130,Front and rear stabilizer bar
131,Four-wheel independent suspension
131,Front and rear stabilizer bar
132,Four-wheel independent suspension
132,Front and rear stabilizer bar
133,Four-wheel independent suspension
133,Front and rear stabilizer bar
134,Four-wheel independent suspension
134,Front and rear stabilizer bar
135,Four-wheel independent suspension
135,Front and rear stabilizer bar
136,Four-wheel independent suspension
136,Front and rear stabilizer bar
137,Four-wheel independent suspension
137,Front and rear stabilizer bar
138,Double wishbone front suspension
138,Multi-link rear suspension
138,Four-wheel independent suspension
138,Front and rear stabilizer bar
139,Four-wheel independent suspension
139,Front and rear stabilizer bar
140,Double wishbone front suspension
140,Multi-link rear suspension
140,Four-wheel independent suspension
140,Front and rear stabilizer bar
141,Four-wheel independent suspension
141,Front and rear stabilizer bar
142,Double wishbone front suspension
142,Multi-link rear suspension
142,Four-wheel independent suspension
142,Front and rear stabilizer bar
143,Four-wheel independent suspension
143,Front and rear stabilizer bar
144,Four-wheel independent suspension
144,Front and rear stabilizer bar
145,Four-wheel independent suspension
145,Front and rear stabilizer bar
146,Four-wheel independent suspension
146,Front and rear stabilizer bar
147,Four-wheel independent suspension
147,Front and rear stabilizer bar
148,Four-wheel independent suspension
148,Front and rear stabilizer bar
149,Four-wheel independent suspension
149,Front and rear stabilizer bar
150,Four-wheel independent suspension
150,Front and rear stabilizer bar
151,Four-wheel independent suspension
151,Front and rear stabilizer bar
152,Four-wheel independent suspension
152,Front and rear stabilizer bar
153,Four-wheel independent suspension
153,Stabilizer bar stabilizer bar
154,Four-wheel independent suspension
154,Stabilizer bar stabilizer bar
155,Four-wheel independent suspension
155,Front and rear stabilizer bar
156,Four-wheel independent suspension
156,Front and rear stabilizer bar
157,Four-wheel independent suspension
157,Front and rear stabilizer bar
158,MacPherson strut front suspension
158,Multi-link rear suspension
158,Four-wheel independent suspension
158,Front and rear stabilizer bar
159,Four-wheel independent suspension
159,Front and rear stabilizer bar
160,MacPherson strut front suspension
160,Multi-link rear suspension
160,Four-wheel independent suspension
160,Front and rear stabilizer bar
161,Four-wheel independent suspension
161,Front and rear stabilizer bar
162,MacPherson strut front suspension
162,Multi-link rear suspension
162,Four-wheel independent suspension
162,Front and rear stabilizer bar
163,Four-wheel independent suspension
163,Front and rear stabilizer bar
164,Four-wheel independent suspension
164,Front and rear stabilizer bar
165,Four-wheel independent suspension
165,Front and rear stabilizer bar
166,Double wishbone front suspension
166,Multi-link rear suspension
166,Four-wheel independent suspension
166,Front and rear stabilizer bar
167,Four-wheel independent suspension
167,Front and rear stabilizer bar
168,Double wishbone front suspension
168,Multi-link rear suspension
168,Four-wheel independent suspension
168,Front and rear stabilizer bar
169,Four-wheel independent suspension
169,Front and rear stabilizer bar
170,Double wishbone front suspension
170,Multi-link rear suspension
170,Four-wheel independent suspension
170,Front and rear stabilizer bar
171,Four-wheel independent suspension
171,Front and rear stabilizer bar
172,MacPherson strut front suspension
172,Modified MacPherson strut rear suspension
172,Four-wheel independent suspension
172,Front and rear stabilizer bar
173,Four-wheel independent suspension
173,Front and rear stabilizer bar
174,MacPherson strut front suspension
174,Multi-link rear suspension
174,Four-wheel independent suspension
174,Front and rear stabilizer bar
175,Four-wheel independent suspension
175,Front and rear stabilizer bar
176,MacPherson strut front suspension
176,Multi-link rear suspension
176,Four-wheel independent suspension
176,Front and rear stabilizer bar
177,Four-wheel independent suspension
177,Front and rear stabilizer bar
178,Four-wheel independent suspension
178,Front and rear stabilizer bar
179,Four-wheel independent suspension
179,Front and rear stabilizer bar
180,Four-wheel independent suspension
180,Front and rear stabilizer bar
181,Four-wheel independent suspension
181,Front and rear stabilizer bar
182,Four-wheel independent suspension
182,Front and rear stabilizer bar
183,Four-wheel independent suspension
183,Front and rear stabilizer bar
184,Four-wheel independent suspension
184,Front and rear stabilizer bar
185,Four-wheel independent suspension
185,Front and rear stabilizer bar
186,Four-wheel independent suspension
186,Front and rear stabilizer bar
187,Four-wheel independent suspension
187,Front and rear stabilizer bar
188,Four-wheel independent suspension
188,Front and rear stabilizer bar
189,Four-wheel independent suspension
189,Front and rear stabilizer bar
190,Four-wheel independent suspension
190,Front and rear stabilizer bar
191,Four-wheel independent suspension
191,Front and rear stabilizer bar
192,MacPherson strut front suspension
192,Multi-link rear suspension
192,Four-wheel independent suspension
192,Front and rear stabilizer bar
193,Four-wheel independent suspension
193,Front and rear stabilizer bar
194,Four-wheel independent suspension
194,Front and rear stabilizer bar
195,MacPherson strut front suspension
195,Multi-link rear suspension
195,Four-wheel independent suspension
195,Front and rear stabilizer bar
196,Four-wheel independent suspension
196,Front and rear stabilizer bar
197,Front independent suspension
197,Stabilizer bar stabilizer bar
198,Front independent suspension
198,Stabilizer bar stabilizer bar
199,Four-wheel independent suspension
199,Front and rear stabilizer bar
200,Four-wheel independent suspension
200,Front and rear stabilizer bar
201,Four-wheel independent suspension
201,Front and rear stabilizer bar
202,Four-wheel independent suspension
202,Front and rear stabilizer bar
203,Four-wheel independent suspension
203,Front and rear stabilizer bar
204,Front independent suspension
204,Stabilizer bar stabilizer bar
205,Front independent suspension
205,Stabilizer bar stabilizer bar
206,Four-wheel independent suspension
206,Front and rear stabilizer bar
207,Four-wheel independent suspension
207,Front and rear stabilizer bar
208,Four-wheel independent suspension
208,Front and rear stabilizer bar
209,Four-wheel independent suspension
209,Front and rear stabilizer bar
210,Four-wheel independent suspension
210,Front and rear stabilizer bar
211,Four-wheel independent suspension
211,Front and rear stabilizer bar
212,Four-wheel independent suspension
212,Stabilizer bar stabilizer bar
213,Four-wheel independent suspension
213,Stabilizer bar stabilizer bar
214,Four-wheel independent suspension
214,Stabilizer bar stabilizer bar
215,Four-wheel independent suspension
215,Front and rear stabilizer bar
216,Four-wheel independent suspension
216,Front and rear stabilizer bar
217,Four-wheel independent suspension
217,Front and rear stabilizer bar
218,Front independent suspension
218,Stabilizer bar stabilizer bar
219,Short and long arm front suspension
219,Multi-link rear suspension
219,Front independent suspension
219,Front and rear stabilizer bar
220,Front independent suspension
220,Front and rear stabilizer bar
221,Short and long arm front suspension
221,Multi-link rear suspension
221,Front independent suspension
221,Front and rear stabilizer bar
222,Front independent suspension
222,Front and rear stabilizer bar
223,Four-wheel independent suspension
223,Front and rear stabilizer bar
224,Four-wheel independent suspension
224,Front and rear stabilizer bar
225,Four-wheel independent suspension
225,Front and rear stabilizer bar
226,Four-wheel independent suspension
226,Stabilizer bar stabilizer bar
227,Four-wheel independent suspension
227,Stabilizer bar stabilizer bar
228,Four-wheel independent suspension
228,Front and rear stabilizer bar
229,Four-wheel independent suspension
229,Front and rear stabilizer bar
230,Four-wheel independent suspension
230,Front and rear stabilizer bar
231,Four-wheel independent suspension
231,Front and rear stabilizer bar
232,Four-wheel independent suspension
232,Front and rear stabilizer bar
233,Solid axle rear suspension
233,Front independent suspension
233,Stabilizer bar stabilizer bar
234,Front independent suspension
234,Stabilizer bar stabilizer bar
235,Front independent suspension
235,Stabilizer bar stabilizer bar
236,Front independent suspension
236,Stabilizer bar stabilizer bar
237,Front independent suspension
237,Stabilizer bar stabilizer bar
238,Front independent suspension
238,Stabilizer bar stabilizer bar
239,Four-wheel independent suspension
239,Front and rear stabilizer bar
240,Four-wheel independent suspension
240,Front and rear stabilizer bar
241,Four-wheel independent suspension
241,Front and rear stabilizer bar
242,Four-wheel independent suspension
242,Front and rear stabilizer bar
243,Four-wheel independent suspension
243,Front and rear stabilizer bar
244,Four-wheel independent suspension
244,Front and rear stabilizer bar
245,Four-wheel independent suspension
245,Front and rear stabilizer bar
246,Four-wheel independent suspension
246,Front and rear stabilizer bar
247,Double wishbone front suspension
247,Double wishbone rear suspension
247,Four-wheel independent suspension
247,Front and rear stabilizer bar
248,Double wishbone front suspension
248,Double wishbone rear suspension
248,Four-wheel independent suspension
248,Front and rear stabilizer bar
249,Front independent suspension
249,Stabilizer bar stabilizer bar
250,Front independent suspension
250,Stabilizer bar stabilizer bar
251,Front independent suspension
251,Stabilizer bar stabilizer bar
252,Front independent suspension
252,Stabilizer bar stabilizer bar
253,Four-wheel independent suspension
253,Front and rear stabilizer bar
254,Four-wheel independent suspension
254,Front and rear stabilizer bar
255,Front independent suspension
255,Stabilizer bar stabilizer bar
256,Front independent suspension
256,Stabilizer bar stabilizer bar
257,Front independent suspension
257,Stabilizer bar stabilizer bar
258,Front independent suspension
258,Stabilizer bar stabilizer bar
259,Front independent suspension
259,Stabilizer bar stabilizer bar
260,Front independent suspension
260,Stabilizer bar stabilizer bar
261,Front independent suspension
261,Stabilizer bar stabilizer bar
262,Front independent suspension
262,Stabilizer bar stabilizer bar
263,MacPherson strut front suspension
263,Multi-link rear suspension
263,Four-wheel independent suspension
263,Front and rear stabilizer bar
264,Four-wheel independent suspension
264,Front and rear stabilizer bar
265,Four-wheel independent suspension
265,Front and rear stabilizer bar
266,MacPherson strut front suspension
266,Multi-link rear suspension
266,Four-wheel independent suspension
266,Front and rear stabilizer bar
267,Four-wheel independent suspension
267,Front and rear stabilizer bar
268,Four-wheel independent suspension
268,Front and rear stabilizer bar
269,Front independent suspension
269,Stabilizer bar stabilizer bar
270,Front independent suspension
270,Stabilizer bar stabilizer bar
271,Front independent suspension
271,Stabilizer bar stabilizer bar
272,Front independent suspension
272,Stabilizer bar stabilizer bar
273,Front independent suspension
273,Stabilizer bar stabilizer bar
274,Front independent suspension
274,Stabilizer bar stabilizer bar
275,Short and long arm front suspension
275,Solid live axle rear suspension
275,Front independent suspension
275,Stabilizer bar stabilizer bar
276,Front independent suspension
276,Stabilizer bar stabilizer bar
277,Short and long arm front suspension
277,Solid live axle rear suspension
277,Front independent suspension
277,Stabilizer bar stabilizer bar
278,Front independent suspension
278,Stabilizer bar stabilizer bar
279,Short and long arm front suspension
279,Solid live axle rear suspension
279,Front independent suspension
279,Stabilizer bar stabilizer bar
280,Front independent suspension
280,Stabilizer bar stabilizer bar
281,Short and long arm front suspension
281,Solid live axle rear suspension
281,Front independent suspension
281,Stabilizer bar stabilizer bar
282,Front independent suspension
282,Stabilizer bar stabilizer bar
283,Short and long arm front suspension
283,Solid live axle rear suspension
283,Front independent suspension
283,Stabilizer bar stabilizer bar
284,Front independent suspension
284,Stabilizer bar stabilizer bar
285,Short and long arm front suspension
285,Solid live axle rear suspension
285,Front independent suspension
285,Stabilizer bar stabilizer bar
286,Front independent suspension
286,Stabilizer bar stabilizer bar
287,Front independent suspension
287,Stabilizer bar stabilizer bar
288,Front independent suspension
288,Stabilizer bar stabilizer bar
289,Front independent suspension
289,Stabilizer bar stabilizer bar
290,Front independent suspension
290,Stabilizer bar stabilizer bar
291,Front independent suspension
291,Stabilizer bar stabilizer bar
292,Front independent suspension
292,Stabilizer bar stabilizer bar
293,MacPherson strut front suspension
293,Torsion beam rear suspension
293,Front independent suspension
293,Stabilizer bar stabilizer bar
294,Front independent suspension
294,Stabilizer bar stabilizer bar
295,Four-wheel independent suspension
295,Front and rear stabilizer bar
296,Four-wheel independent suspension
296,Front and rear stabilizer bar
297,Short and long arm front suspension
297,Solid live axle rear suspension
297,Front independent suspension
297,Front and rear stabilizer bar
298,Front independent suspension
298,Front and rear stabilizer bar
299,Short and long arm front suspension
299,Multi-link rear suspension
299,Front independent suspension
299,Front and rear stabilizer bar
300,Front independent suspension
300,Front and rear stabilizer bar
301,MacPherson strut front suspension
301,Multi-link rear suspension
301,Four-wheel independent suspension
301,Front and rear stabilizer bar
302,Four-wheel independent suspension
302,Front and rear stabilizer bar
303,Front independent suspension
303,Stabilizer bar stabilizer bar
304,Front independent suspension
304,Stabilizer bar stabilizer bar
305,Front independent suspension
305,Stabilizer bar stabilizer bar
306,Front independent suspension
306,Stabilizer bar stabilizer bar
307,Front independent suspension
307,Stabilizer bar stabilizer bar
308,MacPherson strut front suspension
308,Multi-link rear suspension
308,Four-wheel independent suspension
309,Four-wheel independent suspension
310,Four-wheel independent suspension
310,Front and rear stabilizer bar
311,Four-wheel independent suspension
311,Front and rear stabilizer bar
312,Four-wheel independent suspension
312,Stabilizer bar stabilizer bar
313,Front independent suspension
313,Stabilizer bar stabilizer bar
314,Front independent suspension
314,Stabilizer bar stabilizer bar
315,Front independent suspension
315,Stabilizer bar stabilizer bar
316,Front independent suspension
316,Stabilizer bar stabilizer bar
317,Four-wheel independent suspension
317,Front and rear stabilizer bar
318,Four-wheel independent suspension
318,Front and rear stabilizer bar
319,Four-wheel independent suspension
319,Front and rear stabilizer bar
320,Four-wheel independent suspension
320,Front and rear stabilizer bar
321,Four-wheel independent suspension
321,Front and rear stabilizer bar
322,Four-wheel independent suspension
322,Front and rear stabilizer bar
323,Four-wheel independent suspension
323,Front and rear stabilizer bar
324,Four-wheel independent suspension
324,Front and rear stabilizer bar
325,Four-wheel independent suspension
325,Front and rear stabilizer bar
326,Four-wheel independent suspension
326,Front and rear stabilizer bar
327,Four-wheel independent suspension
327,Front and rear stabilizer bar
328,Four-wheel independent suspension
328,Front and rear stabilizer bar
329,Four-wheel independent suspension
329,Front and rear stabilizer bar
330,Four-wheel independent suspension
330,Front and rear stabilizer bar
331,Four-wheel independent suspension
331,Stabilizer bar stabilizer bar
332,Four-wheel independent suspension
332,Stabilizer bar stabilizer bar
333,Four-wheel independent suspension
333,Stabilizer bar stabilizer bar
334,Four-wheel independent suspension
334,Stabilizer bar stabilizer bar
335,Front independent suspension
335,Stabilizer bar stabilizer bar
336,Front independent suspension
336,Stabilizer bar stabilizer bar
337,Four-wheel independent suspension
337,Front and rear stabilizer bar
338,Four-wheel independent suspension
338,Front and rear stabilizer bar
339,Double wishbone front suspension
339,Double wishbone rear suspension
339,Four-wheel independent suspension
339,Front and rear stabilizer bar
340,Four-wheel independent suspension
340,Front and rear stabilizer bar
341,Four-wheel independent suspension
341,Front and rear stabilizer bar
344,Four-wheel independent suspension
347,Front independent suspension
347,Front and rear stabilizer bar
348,Front independent suspension
348,Front and rear stabilizer bar
349,Front independent suspension
349,Front and rear stabilizer bar
350,Front independent suspension
350,Stabilizer bar stabilizer bar
351,Front independent suspension
351,Stabilizer bar stabilizer bar
352,Front independent suspension
352,Stabilizer bar stabilizer bar
353,Front independent suspension
353,Stabilizer bar stabilizer bar
354,Front independent suspension
354,Stabilizer bar stabilizer bar
355,Front independent suspension
355,Stabilizer bar stabilizer bar
356,Front independent suspension
356,Stabilizer bar stabilizer bar
357,Front independent suspension
357,Stabilizer bar stabilizer bar
358,Four-wheel independent suspension
358,Front and rear stabilizer bar
359,Four-wheel independent suspension
359,Front and rear stabilizer bar
360,Four-wheel independent suspension
360,Front and rear stabilizer bar
361,Four-wheel independent suspension
361,Front and rear stabilizer bar
362,Four-wheel independent suspension
362,Front and rear stabilizer bar
363,Four-wheel independent suspension
363,Front and rear stabilizer bar
364,Four-wheel independent suspension
364,Front and rear stabilizer bar
365,MacPherson strut front suspension
365,Multi-link rear suspension
365,Four-wheel independent suspension
365,Front and rear stabilizer bar
366,Four-wheel independent suspension
366,Front and rear stabilizer bar
367,Four-wheel independent suspension
367,Front and rear stabilizer bar
368,Short and long arm front suspension
368,Multi-link rear suspension
368,Four-wheel independent suspension
368,Front and rear stabilizer bar
369,Four-wheel independent suspension
369,Front and rear stabilizer bar
370,Four-wheel independent suspension
370,Front and rear stabilizer bar
371,Four-wheel independent suspension
371,Front and rear stabilizer bar
372,Front independent suspension
372,Stabilizer bar stabilizer bar
373,Front independent suspension
373,Stabilizer bar stabilizer bar
374,Front independent suspension
374,Stabilizer bar stabilizer bar
375,Front independent suspension
375,Stabilizer bar stabilizer bar
376,Front independent suspension
376,Stabilizer bar stabilizer bar
377,Front independent suspension
377,Stabilizer bar stabilizer bar
378,Twin I-beam front suspension
378,Solid live axle rear suspension
378,Front independent suspension
378,Stabilizer bar stabilizer bar
379,Front independent suspension
379,Stabilizer bar stabilizer bar
380,Twin I-beam front suspension
380,Solid live axle rear suspension
380,Front independent suspension
380,Stabilizer bar stabilizer bar
381,Front independent suspension
381,Stabilizer bar stabilizer bar
382,Twin I-beam front suspension
382,Solid live axle rear suspension
382,Front independent suspension
382,Stabilizer bar stabilizer bar
383,Front independent suspension
383,Stabilizer bar stabilizer bar
384,Twin I-beam front suspension
384,Solid live axle rear suspension
384,Front independent suspension
384,Stabilizer bar stabilizer bar
385,Front independent suspension
385,Stabilizer bar stabilizer bar
386,Twin I-beam front suspension
386,Solid live axle rear suspension
386,Front independent suspension
386,Stabilizer bar stabilizer bar
387,Front independent suspension
387,Stabilizer bar stabilizer bar
388,Twin I-beam front suspension
388,Solid live axle rear suspension
388,Front independent suspension
388,Stabilizer bar stabilizer bar
389,Front independent suspension
389,Stabilizer bar stabilizer bar
390,Solid live axle front suspension
390,Solid live axle rear suspension
390,Front and rear stabilizer bar
391,Front and rear stabilizer bar
392,MacPherson strut front suspension
392,Torsion beam rear suspension
392,Front independent suspension
392,Stabilizer bar stabilizer bar
393,Front independent suspension
393,Stabilizer bar stabilizer bar
394,MacPherson strut front suspension
394,Torsion beam rear suspension
394,Front independent suspension
394,Stabilizer bar stabilizer bar
395,Front independent suspension
395,Stabilizer bar stabilizer bar
396,MacPherson strut front suspension
396,Torsion beam rear suspension
396,Front independent suspension
396,Stabilizer bar stabilizer bar
397,Front independent suspension
397,Stabilizer bar stabilizer bar
398,Four-wheel independent suspension
398,Front and rear stabilizer bar
399,Four-wheel independent suspension
399,Front and rear stabilizer bar
400,Four-wheel independent suspension
400,Front and rear stabilizer bar
401,Four-wheel independent suspension
401,Front and rear stabilizer bar
402,Four-wheel independent suspension
402,Front and rear stabilizer bar
403,Four-wheel independent suspension
403,Front and rear stabilizer bar
404,Four-wheel independent suspension
404,Front and rear stabilizer bar
405,Four-wheel independent suspension
405,Front and rear stabilizer bar
406,Four-wheel independent suspension
406,Stabilizer bar stabilizer bar
407,Four-wheel independent suspension
407,Front and rear stabilizer bar
408,Four-wheel independent suspension
408,Front and rear stabilizer bar
409,Four-wheel independent suspension
409,Front and rear stabilizer bar
410,Four-wheel independent suspension
410,Front and rear stabilizer bar
411,Four-wheel independent suspension
411,Front and rear stabilizer bar
412,Four-wheel independent suspension
412,Front and rear stabilizer bar
413,Four-wheel independent suspension
413,Front and rear stabilizer bar
414,Four-wheel independent suspension
414,Front and rear stabilizer bar
415,MacPherson strut front suspension
415,Multi-link rear suspension
415,Four-wheel independent suspension
415,Front and rear stabilizer bar
416,Four-wheel independent suspension
416,Front and rear stabilizer bar
417,Four-wheel independent suspension
417,Front and rear stabilizer bar
418,Four-wheel independent suspension
418,Front and rear stabilizer bar
419,Four-wheel independent suspension
419,Front and rear stabilizer bar
420,Four-wheel independent suspension
420,Front and rear stabilizer bar
421,Four-wheel independent suspension
421,Front and rear stabilizer bar
422,Four-wheel independent suspension
423,Four-wheel independent suspension
424,MacPherson strut front suspension
424,Solid live axle rear suspension
424,Front independent suspension
424,Front and rear stabilizer bar
425,MacPherson strut front suspension
425,Solid live axle rear suspension
425,Front independent suspension
425,Front and rear stabilizer bar
426,MacPherson strut front suspension
426,Multi-link rear suspension
426,Four-wheel independent suspension
426,Front and rear stabilizer bar
427,Four-wheel independent suspension
427,Front and rear stabilizer bar
428,MacPherson strut front suspension
428,Multi-link rear suspension
428,Four-wheel independent suspension
428,Front and rear stabilizer bar
429,Four-wheel independent suspension
429,Front and rear stabilizer bar
430,Front independent suspension
430,Front and rear stabilizer bar
431,Front independent suspension
431,Front and rear stabilizer bar
432,MacPherson strut front suspension
432,Solid live axle rear suspension
432,Front independent suspension
432,Stabilizer bar stabilizer bar
433,Front independent suspension
433,Stabilizer bar stabilizer bar
434,MacPherson strut front suspension
434,Multi-link rear suspension
434,Four-wheel independent suspension
434,Front and rear stabilizer bar
435,Four-wheel independent suspension
435,Front and rear stabilizer bar
436,Four-wheel independent suspension
436,Front and rear stabilizer bar
437,Front independent suspension
437,Stabilizer bar stabilizer bar
438,Front independent suspension
438,Stabilizer bar stabilizer bar
439,Front independent suspension
439,Stabilizer bar stabilizer bar
440,Front independent suspension
440,Stabilizer bar stabilizer bar
441,Front independent suspension
441,Stabilizer bar stabilizer bar
442,Front independent suspension
442,Stabilizer bar stabilizer bar
443,Front independent suspension
443,Stabilizer bar stabilizer bar
444,Front independent suspension
444,Stabilizer bar stabilizer bar
445,Front independent suspension
445,Stabilizer bar stabilizer bar
446,Front independent suspension
446,Stabilizer bar stabilizer bar
447,Front independent suspension
447,Stabilizer bar stabilizer bar
448,Front independent suspension
448,Stabilizer bar stabilizer bar
449,Front independent suspension
449,Stabilizer bar stabilizer bar
450,Front independent suspension
450,Stabilizer bar stabilizer bar
451,Front independent suspension
451,Stabilizer bar stabilizer bar
452,Front independent suspension
452,Stabilizer bar stabilizer bar
453,Front independent suspension
453,Stabilizer bar stabilizer bar
454,Front independent suspension
454,Stabilizer bar stabilizer bar
455,Short and long arm front suspension
455,Solid live axle rear suspension
455,Front independent suspension
455,Stabilizer bar stabilizer bar
456,Front independent suspension
456,Stabilizer bar stabilizer bar
457,Short and long arm front suspension
457,Solid live axle rear suspension
457,Front independent suspension
457,Stabilizer bar stabilizer bar
458,Front independent suspension
458,Stabilizer bar stabilizer bar
459,Short and long arm front suspension
459,Solid live axle rear suspension
459,Front independent suspension
459,Stabilizer bar stabilizer bar
460,Front independent suspension
460,Stabilizer bar stabilizer bar
461,Short and long arm front suspension
461,Solid live axle rear suspension
461,Front independent suspension
461,Stabilizer bar stabilizer bar
462,Front independent suspension
462,Stabilizer bar stabilizer bar
463,Short and long arm front suspension
463,Solid live axle rear suspension
463,Front independent suspension
463,Stabilizer bar stabilizer bar
464,Front independent suspension
464,Stabilizer bar stabilizer bar
465,Short and long arm front suspension
465,Solid live axle rear suspension
465,Front independent suspension
465,Stabilizer bar stabilizer bar
466,Front independent suspension
466,Stabilizer bar stabilizer bar
467,Four-wheel independent suspension
467,Front and rear stabilizer bar
468,Four-wheel independent suspension
468,Front and rear stabilizer bar
469,Short and long arm front suspension
469,Multi-link rear suspension
469,Front independent suspension
469,Stabilizer bar stabilizer bar
470,Front independent suspension
470,Stabilizer bar stabilizer bar
471,Short and long arm front suspension
471,Multi-link rear suspension
471,Front independent suspension
471,Stabilizer bar stabilizer bar
472,Front independent suspension
472,Stabilizer bar stabilizer bar
473,Four-wheel independent suspension
473,Front and rear stabilizer bar
474,Four-wheel independent suspension
474,Front and rear stabilizer bar
475,Four-wheel independent suspension
475,Front and rear stabilizer bar
476,Four-wheel independent suspension
476,Front and rear stabilizer bar
477,Four-wheel independent suspension
477,Front and rear stabilizer bar
478,Four-wheel independent suspension
478,Front and rear stabilizer bar
479,Four-wheel independent suspension
479,Front and rear stabilizer bar
480,Four-wheel independent suspension
480,Front and rear stabilizer bar
481,Four-wheel independent suspension
481,Front and rear stabilizer bar
482,Four-wheel independent suspension
482,Front and rear stabilizer bar
483,Four-wheel independent suspension
483,Front and rear stabilizer bar
484,Four-wheel independent suspension
484,Front and rear stabilizer bar
485,Four-wheel independent suspension
485,Front and rear stabilizer bar
486,Four-wheel independent suspension
486,Front and rear stabilizer bar
487,Four-wheel independent suspension
487,Front and rear stabilizer bar
488,Four-wheel independent suspension
488,Front and rear stabilizer bar
489,Four-wheel independent suspension
489,Front and rear stabilizer bar
490,Front independent suspension
490,Front and rear stabilizer bar
491,Front independent suspension
491,Front and rear stabilizer bar
492,Four-wheel independent suspension
492,Front and rear stabilizer bar
493,MacPherson strut front suspension
493,Torsion beam rear suspension
493,Front independent suspension
493,Stabilizer bar stabilizer bar
494,Front independent suspension
494,Stabilizer bar stabilizer bar
495,MacPherson strut front suspension
495,Multi-link rear suspension
495,Four-wheel independent suspension
495,Front and rear stabilizer bar
496,Front independent suspension
496,Stabilizer bar stabilizer bar
497,Four-wheel independent suspension
497,Stabilizer bar stabilizer bar
498,Four-wheel independent suspension
498,Stabilizer bar stabilizer bar
499,MacPherson strut front suspension
499,Multi-link rear suspension
499,Four-wheel independent suspension
499,Front and rear stabilizer bar
500,Four-wheel independent suspension
500,Front and rear stabilizer bar
501,MacPherson strut front suspension
501,Multi-link rear suspension
501,Four-wheel independent suspension
501,Front and rear stabilizer bar
502,Front independent suspension
502,Stabilizer bar stabilizer bar
503,Front independent suspension
503,Stabilizer bar stabilizer bar
504,Front independent suspension
504,Stabilizer bar stabilizer bar
505,Front independent suspension
505,Stabilizer bar stabilizer bar
506,Four-wheel independent suspension
506,Front and rear stabilizer bar
507,Four-wheel independent suspension
507,Front and rear stabilizer bar
508,Four-wheel independent suspension
508,Front and rear stabilizer bar
509,Four-wheel independent suspension
509,Stabilizer bar stabilizer bar
510,Four-wheel independent suspension
510,Stabilizer bar stabilizer bar
511,Front independent suspension
511,Front and rear stabilizer bar
512,Front independent suspension
512,Front and rear stabilizer bar
513,Four-wheel independent suspension
513,Front and rear stabilizer bar
514,Four-wheel independent suspension
514,Front and rear stabilizer bar
515,Multi-link front suspension
515,Multi-link rear suspension
515,Four-wheel independent suspension
515,Front and rear stabilizer bar
516,Four-wheel independent suspension
516,Front and rear stabilizer bar
517,Four-wheel independent suspension
517,Front and rear stabilizer bar
518,Four-wheel independent suspension
518,Front and rear stabilizer bar
519,Four-wheel independent suspension
519,Front and rear stabilizer bar
520,Four-wheel independent suspension
520,Front and rear stabilizer bar
521,Four-wheel independent suspension
521,Front and rear stabilizer bar
522,Four-wheel independent suspension
522,Front and rear stabilizer bar
523,Four-wheel independent suspension
523,Front and rear stabilizer bar
524,Four-wheel independent suspension
524,Front and rear stabilizer bar
525,Four-wheel independent suspension
525,Front and rear stabilizer bar
526,Four-wheel independent suspension
526,Front and rear stabilizer bar
527,Four-wheel independent suspension
527,Front and rear stabilizer bar
528,Four-wheel independent suspension
528,Front and rear stabilizer bar
529,Four-wheel independent suspension
529,Front and rear stabilizer bar
530,Front independent suspension
530,Front and rear stabilizer bar
531,Front independent suspension
531,Stabilizer bar stabilizer bar
532,Four-wheel independent suspension
532,Front and rear stabilizer bar
533,Four-wheel independent suspension
533,Front and rear stabilizer bar
534,Four-wheel independent suspension
534,Front and rear stabilizer bar
535,Four-wheel independent suspension
535,Front and rear stabilizer bar
536,Four-wheel independent suspension
536,Front and rear stabilizer bar
539,Four-wheel independent suspension
539,Front and rear stabilizer bar
540,Four-wheel independent suspension
540,Front and rear stabilizer bar
541,Four-wheel independent suspension
541,Front and rear stabilizer bar
542,Four-wheel independent suspension
542,Front and rear stabilizer bar
543,Double wishbone front suspension
543,Multi-link rear suspension
543,Four-wheel independent suspension
543,Front and rear stabilizer bar
544,Four-wheel independent suspension
544,Front and rear stabilizer bar
545,Four-wheel independent suspension
545,Front and rear stabilizer bar
546,Four-wheel independent suspension
546,Front and rear stabilizer bar
547,Four-wheel independent suspension
547,Front and rear stabilizer bar
548,Four-wheel independent suspension
548,Front and rear stabilizer bar
549,Double wishbone front suspension
549,Multi-link rear suspension
549,Four-wheel independent suspension
549,Front and rear stabilizer bar
550,Four-wheel independent suspension
550,Front and rear stabilizer bar
551,Four-wheel independent suspension
551,Front and rear stabilizer bar
552,Four-wheel independent suspension
552,Front and rear stabilizer bar
553,Four-wheel independent suspension
554,Four-wheel independent suspension
555,Double wishbone front suspension
555,Double wishbone rear suspension
555,Four-wheel independent suspension
556,Four-wheel independent suspension
557,Four-wheel independent suspension
558,Double wishbone front suspension
558,Double wishbone rear suspension
558,Four-wheel independent suspension
559,Four-wheel independent suspension
560,Four-wheel independent suspension
561,Four-wheel independent suspension
561,Front and rear stabilizer bar
562,Double wishbone front suspension
562,Double wishbone rear suspension
562,Four-wheel independent suspension
563,Four-wheel independent suspension
564,Four-wheel independent suspension
565,Four-wheel independent suspension
565,Front and rear stabilizer bar
566,Four-wheel independent suspension
566,Front and rear stabilizer bar
567,Four-wheel independent suspension
567,Front and rear stabilizer bar
568,Double wishbone front suspension
568,Multi-link rear suspension
568,Four-wheel independent suspension
568,Front and rear stabilizer bar
569,Four-wheel independent suspension
569,Front and rear stabilizer bar
570,Four-wheel independent suspension
570,Front and rear stabilizer bar
571,Double wishbone front suspension
571,Multi-link rear suspension
571,Four-wheel independent suspension
571,Front and rear stabilizer bar
572,Double wishbone front suspension
572,Multi-link rear suspension
572,Four-wheel independent suspension
572,Front and rear stabilizer bar
573,Four-wheel independent suspension
573,Front and rear stabilizer bar
574,Four-wheel independent suspension
574,Front and rear stabilizer bar
575,Four-wheel independent suspension
575,Front and rear stabilizer bar
576,Four-wheel independent suspension
576,Front and rear stabilizer bar
577,Four-wheel independent suspension
577,Front and rear stabilizer bar
578,Four-wheel independent suspension
578,Front and rear stabilizer bar
579,Double wishbone front suspension
579,Double wishbone rear suspension
579,Four-wheel independent suspension
579,Front and rear stabilizer bar
580,Double wishbone front suspension
580,Double wishbone rear suspension
580,Four-wheel independent suspension
580,Front and rear stabilizer bar
581,Double wishbone front suspension
581,Double wishbone rear suspension
581,Four-wheel independent suspension
581,Front and rear stabilizer bar
582,Double wishbone front suspension
582,Double wishbone rear suspension
582,Four-wheel independent suspension
582,Front and rear stabilizer bar
583,Independent suspension independent suspension
583,Front and rear stabilizer bar
584,Four-wheel independent suspension
584,Front and rear stabilizer bar
585,Four-wheel independent suspension
585,Front and rear stabilizer bar
586,Four-wheel independent suspension
586,Front and rear stabilizer bar
587,Four-wheel independent suspension
587,Front and rear stabilizer bar
588,Four-wheel independent suspension
588,Front and rear stabilizer bar
589,Short and long arm front suspension
589,Multi-link rear suspension
589,Four-wheel independent suspension
589,Front and rear stabilizer bar
590,Four-wheel independent suspension
590,Front and rear stabilizer bar
591,Four-wheel independent suspension
591,Front and rear stabilizer bar
592,Four-wheel independent suspension
592,Front and rear stabilizer bar
593,Four-wheel independent suspension
593,Front and rear stabilizer bar
594,Four-wheel independent suspension
594,Front and rear stabilizer bar
595,Front and rear stabilizer bar
596,Front and rear stabilizer bar
597,Four-wheel independent suspension
597,Front and rear stabilizer bar
598,Four-wheel independent suspension
598,Front and rear stabilizer bar
599,Front independent suspension
599,Front and rear stabilizer bar
600,Front independent suspension
600,Stabilizer bar stabilizer bar
601,Front independent suspension
601,Front and rear stabilizer bar
602,Front independent suspension
602,Stabilizer bar stabilizer bar
603,Front independent suspension
603,Front and rear stabilizer bar
604,Front independent suspension
604,Stabilizer bar stabilizer bar
605,Four-wheel independent suspension
605,Front and rear stabilizer bar
606,Four-wheel independent suspension
606,Front and rear stabilizer bar
607,MacPherson strut front suspension
607,Multi-link rear suspension
607,Four-wheel independent suspension
607,Front and rear stabilizer bar
608,Four-wheel independent suspension
608,Front and rear stabilizer bar
609,Four-wheel independent suspension
609,Front and rear stabilizer bar
610,Four-wheel independent suspension
610,Front and rear stabilizer bar
611,Front independent suspension
611,Stabilizer bar stabilizer bar
612,Front independent suspension
612,Stabilizer bar stabilizer bar
613,Front independent suspension
613,Stabilizer bar stabilizer bar
614,Front independent suspension
614,Stabilizer bar stabilizer bar
615,Four-wheel independent suspension
615,Stabilizer bar stabilizer bar
616,Four-wheel independent suspension
616,Stabilizer bar stabilizer bar
617,MacPherson strut front suspension
617,Multi-link rear suspension
617,Four-wheel independent suspension
617,Front and rear stabilizer bar
618,Four-wheel independent suspension
618,Front and rear stabilizer bar
619,Front independent suspension
619,Stabilizer bar stabilizer bar
620,Front independent suspension
620,Stabilizer bar stabilizer bar
621,Front independent suspension
621,Stabilizer bar stabilizer bar
622,Front independent suspension
622,Stabilizer bar stabilizer bar
623,Four-wheel independent suspension
623,Front and rear stabilizer bar
624,Four-wheel independent suspension
624,Front and rear stabilizer bar
625,Four-wheel independent suspension
625,Front and rear stabilizer bar
626,Four-wheel independent suspension
626,Front and rear stabilizer bar
627,Four-wheel independent suspension
627,Front and rear stabilizer bar
628,Four-wheel independent suspension
628,Front and rear stabilizer bar
629,Four-wheel independent suspension
630,Four-wheel independent suspension
631,Four-wheel independent suspension
631,Front and rear stabilizer bar
632,Four-wheel independent suspension
632,Front and rear stabilizer bar
633,Four-wheel independent suspension
633,Front and rear stabilizer bar
634,Four-wheel independent suspension
634,Front and rear stabilizer bar
635,Four-wheel independent suspension
635,Front and rear stabilizer bar
636,Four-wheel independent suspension
636,Front and rear stabilizer bar
637,Four-wheel independent suspension
637,Front and rear stabilizer bar
638,Four-wheel independent suspension
638,Front and rear stabilizer bar
639,Four-wheel independent suspension
639,Front and rear stabilizer bar
640,Four-wheel independent suspension
640,Front and rear stabilizer bar
641,Four-wheel independent suspension
641,Front and rear stabilizer bar
642,Four-wheel independent suspension
642,Front and rear stabilizer bar
643,Four-wheel independent suspension
643,Front and rear stabilizer bar
644,Four-wheel independent suspension
644,Front and rear stabilizer bar
645,Four-wheel independent suspension
645,Front and rear stabilizer bar
646,Four-wheel independent suspension
646,Front and rear stabilizer bar
647,Four-wheel independent suspension
647,Front and rear stabilizer bar
648,Four-wheel independent suspension
648,Front and rear stabilizer bar
649,Four-wheel independent suspension
649,Front and rear stabilizer bar
650,Four-wheel independent suspension
650,Front and rear stabilizer bar
651,Four-wheel independent suspension
651,Front and rear stabilizer bar
652,Four-wheel independent suspension
652,Front and rear stabilizer bar
653,Four-wheel independent suspension
653,Front and rear stabilizer bar
654,Four-wheel independent suspension
654,Front and rear stabilizer bar
655,Four-wheel independent suspension
655,Front and rear stabilizer bar
656,Four-wheel independent suspension
656,Front and rear stabilizer bar
657,Four-wheel independent suspension
657,Front and rear stabilizer bar
658,Front independent suspension
658,Front and rear stabilizer bar
659,Front independent suspension
659,Front and rear stabilizer bar
660,Four-wheel independent suspension
660,Front and rear stabilizer bar
661,Four-wheel independent suspension
661,Front and rear stabilizer bar
662,Four-wheel independent suspension
662,Front and rear stabilizer bar
663,Four-wheel independent suspension
663,Front and rear stabilizer bar
664,Four-wheel independent suspension
664,Front and rear stabilizer bar
665,Four-wheel independent suspension
665,Front and rear stabilizer bar
666,Four-wheel independent suspension
666,Front and rear stabilizer bar
667,Double wishbone front suspension
667,Multi-link rear suspension
667,Four-wheel independent suspension
667,Front and rear stabilizer bar
668,Four-wheel independent suspension
668,Front and rear stabilizer bar
669,Four-wheel independent suspension
669,Front and rear stabilizer bar
670,Four-wheel independent suspension
670,Front and rear stabilizer bar
671,Four-wheel independent suspension
671,Front and rear stabilizer bar
672,Front independent suspension
672,Front and rear stabilizer bar
673,Front independent suspension
673,Front and rear stabilizer bar
674,Four-wheel independent suspension
674,Front and rear stabilizer bar
675,Four-wheel independent suspension
675,Front and rear stabilizer bar
676,Four-wheel independent suspension
676,Front and rear stabilizer bar
677,Four-wheel independent suspension
677,Front and rear stabilizer bar
678,Four-wheel independent suspension
678,Front and rear stabilizer bar
679,Four-wheel independent suspension
679,Front and rear stabilizer bar
680,Four-wheel independent suspension
680,Front and rear stabilizer bar
681,Four-wheel independent suspension
681,Front and rear stabilizer bar
682,Four-wheel independent suspension
682,Front and rear stabilizer bar
683,Four-wheel independent suspension
683,Front and rear stabilizer bar
684,Four-wheel independent suspension
684,Front and rear stabilizer bar
685,Four-wheel independent suspension
685,Front and rear stabilizer bar
686,MacPherson strut front suspension
686,Double wishbone rear suspension
686,Four-wheel independent suspension
686,Front and rear stabilizer bar
687,Four-wheel independent suspension
687,Front and rear stabilizer bar
688,MacPherson strut front suspension
688,Multi-link rear suspension
688,Four-wheel independent suspension
688,Front and rear stabilizer bar
689,Four-wheel independent suspension
689,Front and rear stabilizer bar
690,Four-wheel independent suspension
690,Front and rear stabilizer bar
691,Four-wheel independent suspension
691,Front and rear stabilizer bar
692,Four-wheel independent suspension
692,Front and rear stabilizer bar
693,Four-wheel independent suspension
693,Front and rear stabilizer bar
694,Four-wheel independent suspension
694,Front and rear stabilizer bar
695,Four-wheel independent suspension
695,Front and rear stabilizer bar
697,MacPherson strut front suspension
697,Multi-link rear suspension
697,Four-wheel independent suspension
697,Front and rear stabilizer bar
698,Four-wheel independent suspension
698,Front and rear stabilizer bar
699,Four-wheel independent suspension
699,Front and rear stabilizer bar
700,MacPherson strut front suspension
700,Multi-link rear suspension
700,Four-wheel independent suspension
700,Front and rear stabilizer bar
701,Four-wheel independent suspension
701,Front and rear stabilizer bar
702,Four-wheel independent suspension
702,Front and rear stabilizer bar
703,Four-wheel independent suspension
703,Front and rear stabilizer bar
704,Four-wheel independent suspension
704,Front and rear stabilizer bar
705,Four-wheel independent suspension
705,Front and rear stabilizer bar
706,Four-wheel independent suspension
706,Front and rear stabilizer bar
707,Four-wheel independent suspension
707,Front and rear stabilizer bar
708,Four-wheel independent suspension
708,Front and rear stabilizer bar
709,Four-wheel independent suspension
709,Front and rear stabilizer bar
710,Four-wheel independent suspension
710,Front and rear stabilizer bar
711,Four-wheel independent suspension
711,Front and rear stabilizer bar
712,Four-wheel independent suspension
712,Front and rear stabilizer bar
713,Four-wheel independent suspension
713,Front and rear stabilizer bar
714,Four-wheel independent suspension
714,Front and rear stabilizer bar
715,Four-wheel independent suspension
715,Front and rear stabilizer bar
716,Four-wheel independent suspension
716,Front and rear stabilizer bar
717,Four-wheel independent suspension
717,Front and rear stabilizer bar
718,Four-wheel independent suspension
718,Front and rear stabilizer bar
719,Four-wheel independent suspension
719,Front and rear stabilizer bar
720,Four-wheel independent suspension
720,Front and rear stabilizer bar
721,Four-wheel independent suspension
721,Front and rear stabilizer bar
722,Four-wheel independent suspension
722,Front and rear stabilizer bar
723,Four-wheel independent suspension
723,Front and rear stabilizer bar
724,Four-wheel independent suspension
724,Front and rear stabilizer bar
725,Four-wheel independent suspension
725,Front and rear stabilizer bar
726,Four-wheel independent suspension
726,Front and rear stabilizer bar
727,Four-wheel independent suspension
727,Front and rear stabilizer bar
728,Four-wheel independent suspension
728,Front and rear stabilizer bar
729,Four-wheel independent suspension
729,Front and rear stabilizer bar
730,Four-wheel independent suspension
730,Front and rear stabilizer bar
731,MacPherson strut front suspension
731,Multi-link rear suspension
731,Four-wheel independent suspension
731,Front and rear stabilizer bar
732,Four-wheel independent suspension
732,Front and rear stabilizer bar
733,Front independent suspension
733,Stabilizer bar stabilizer bar
734,MacPherson strut front suspension
734,Multi-link rear suspension
734,Four-wheel independent suspension
734,Front and rear stabilizer bar
735,Four-wheel independent suspension
735,Front and rear stabilizer bar
736,Four-wheel independent suspension
736,Front and rear stabilizer bar
737,Double wishbone front suspension
737,Multi-link rear suspension
737,Four-wheel independent suspension
737,Front and rear stabilizer bar
738,Four-wheel independent suspension
738,Front and rear stabilizer bar
739,Independent suspension independent suspension
740,Four-wheel independent suspension
740,Front and rear stabilizer bar
741,Four-wheel independent suspension
742,Four-wheel independent suspension
743,Four-wheel independent suspension
743,Front and rear stabilizer bar
744,Four-wheel independent suspension
744,Front and rear stabilizer bar
745,Four-wheel independent suspension
745,Front and rear stabilizer bar
746,Four-wheel independent suspension
746,Front and rear stabilizer bar
747,Four-wheel independent suspension
747,Front and rear stabilizer bar
748,Four-wheel independent suspension
748,Front and rear stabilizer bar
749,Four-wheel independent suspension
749,Front and rear stabilizer bar
750,Four-wheel independent suspension
750,Front and rear stabilizer bar
751,Four-wheel independent suspension
751,Front and rear stabilizer bar
752,Four-wheel independent suspension
752,Front and rear stabilizer bar
753,Four-wheel independent suspension
753,Front and rear stabilizer bar
754,Four-wheel independent suspension
754,Front and rear stabilizer bar
755,Four-wheel independent suspension
755,Front and rear stabilizer bar
756,Four-wheel independent suspension
756,Front and rear stabilizer bar
757,Four-wheel independent suspension
757,Front and rear stabilizer bar
758,Four-wheel independent suspension
758,Front and rear stabilizer bar
759,Four-wheel independent suspension
759,Front and rear stabilizer bar
760,Four-wheel independent suspension
760,Front and rear stabilizer bar
761,Four-wheel independent suspension
761,Front and rear stabilizer bar
762,Four-wheel independent suspension
762,Front and rear stabilizer bar
763,Four-wheel independent suspension
763,Front and rear stabilizer bar
764,Four-wheel independent suspension
764,Front and rear stabilizer bar
765,Four-wheel independent suspension
765,Front and rear stabilizer bar
766,Four-wheel independent suspension
766,Front and rear stabilizer bar
767,Four-wheel independent suspension
767,Front and rear stabilizer bar
768,Four-wheel independent suspension
768,Front and rear stabilizer bar
769,Four-wheel independent suspension
769,Front and rear stabilizer bar
770,Four-wheel independent suspension
770,Front and rear stabilizer bar
771,Four-wheel independent suspension
771,Front and rear stabilizer bar
772,Four-wheel independent suspension
772,Front and rear stabilizer bar
773,Four-wheel independent suspension
773,Front and rear stabilizer bar
774,Stabilizer bar stabilizer bar
775,Stabilizer bar stabilizer bar
778,Stabilizer bar stabilizer bar
779,Four-wheel independent suspension
779,Front and rear stabilizer bar
780,Four-wheel independent suspension
780,Front and rear stabilizer bar
781,Four-wheel independent suspension
781,Front and rear stabilizer bar
782,Four-wheel independent suspension
782,Front and rear stabilizer bar
783,Four-wheel independent suspension
783,Front and rear stabilizer bar
784,Four-wheel independent suspension
784,Front and rear stabilizer bar
785,Four-wheel independent suspension
785,Front and rear stabilizer bar
786,Four-wheel independent suspension
786,Front and rear stabilizer bar
787,Four-wheel independent suspension
787,Front and rear stabilizer bar
788,Four-wheel independent suspension
788,Front and rear stabilizer bar
789,Four-wheel independent suspension
789,Front and rear stabilizer bar
790,Four-wheel independent suspension
790,Front and rear stabilizer bar
791,Four-wheel independent suspension
791,Front and rear stabilizer bar
792,Four-wheel independent suspension
792,Front and rear stabilizer bar
793,Four-wheel independent suspension
793,Front and rear stabilizer bar
794,Four-wheel independent suspension
794,Front and rear stabilizer bar
795,Four-wheel independent suspension
795,Front and rear stabilizer bar
796,Four-wheel independent suspension
796,Front and rear stabilizer bar
797,Four-wheel independent suspension
797,Front and rear stabilizer bar
798,Four-wheel independent suspension
798,Front and rear stabilizer bar
799,Four-wheel independent suspension
799,Front and rear stabilizer bar
800,Four-wheel independent suspension
800,Front and rear stabilizer bar
801,Four-wheel independent suspension
801,Front and rear stabilizer bar
802,Four-wheel independent suspension
803,Four-wheel independent suspension
803,Front and rear stabilizer bar
804,Four-wheel independent suspension
804,Front and rear stabilizer bar
805,Four-wheel independent suspension
805,Front and rear stabilizer bar
806,Four-wheel independent suspension
806,Front and rear stabilizer bar
807,Four-wheel independent suspension
807,Front and rear stabilizer bar
808,Four-wheel independent suspension
808,Front and rear stabilizer bar
809,Four-wheel independent suspension
809,Front and rear stabilizer bar
810,Four-wheel independent suspension
810,Front and rear stabilizer bar
811,Four-wheel independent suspension
811,Front and rear stabilizer bar
812,Four-wheel independent suspension
812,Front and rear stabilizer bar
813,Four-wheel independent suspension
813,Front and rear stabilizer bar
814,Four-wheel independent suspension
814,Front and rear stabilizer bar
815,Four-wheel independent suspension
815,Front and rear stabilizer bar
816,Four-wheel independent suspension
816,Front and rear stabilizer bar
817,Four-wheel independent suspension
817,Front and rear stabilizer bar
818,Four-wheel independent suspension
818,Front and rear stabilizer bar
819,Four-wheel independent suspension
819,Front and rear stabilizer bar
820,Four-wheel independent suspension
820,Front and rear stabilizer bar
821,Four-wheel independent suspension
821,Front and rear stabilizer bar
822,Four-wheel independent suspension
822,Front and rear stabilizer bar
823,Double wishbone front suspension
823,Double wishbone rear suspension
823,Four-wheel independent suspension
823,Front and rear stabilizer bar
824,Double wishbone front suspension
824,Double wishbone rear suspension
824,Four-wheel independent suspension
824,Front and rear stabilizer bar
825,Front independent suspension
825,Front and rear stabilizer bar
826,Front independent suspension
826,Front and rear stabilizer bar
827,Front independent suspension
827,Front and rear stabilizer bar
828,Four-wheel independent suspension
828,Front and rear stabilizer bar
829,Four-wheel independent suspension
829,Front and rear stabilizer bar
830,Four-wheel independent suspension
830,Front and rear stabilizer bar
831,Four-wheel independent suspension
831,Front and rear stabilizer bar
832,Four-wheel independent suspension
832,Front and rear stabilizer bar
833,Four-wheel independent suspension
833,Front and rear stabilizer bar
835,Four-wheel independent suspension
835,Front and rear stabilizer bar
836,Four-wheel independent suspension
836,Front and rear stabilizer bar
837,Four-wheel independent suspension
837,Front and rear stabilizer bar
838,Four-wheel independent suspension
838,Front and rear stabilizer bar
839,Four-wheel independent suspension
839,Front and rear stabilizer bar
840,Four-wheel independent suspension
840,Front and rear stabilizer bar
841,Four-wheel independent suspension
841,Front and rear stabilizer bar
842,Four-wheel independent suspension
842,Front and rear stabilizer bar
843,Four-wheel independent suspension
843,Front and rear stabilizer bar
844,Four-wheel independent suspension
844,Front and rear stabilizer bar
845,Four-wheel independent suspension
845,Front and rear stabilizer bar
846,Four-wheel independent suspension
846,Front and rear stabilizer bar
847,Front independent suspension
847,Stabilizer bar stabilizer bar
848,Four-wheel independent suspension
848,Stabilizer bar stabilizer bar
849,Four-wheel independent suspension
849,Stabilizer bar stabilizer bar
850,Four-wheel independent suspension
850,Front and rear stabilizer bar
851,Front independent suspension
851,Front and rear stabilizer bar
852,Front independent suspension
852,Front and rear stabilizer bar
853,Independent suspension independent suspension
853,Front and rear stabilizer bar
854,Four-wheel independent suspension
854,Front and rear stabilizer bar
855,Four-wheel independent suspension
855,Front and rear stabilizer bar
856,Four-wheel independent suspension
856,Front and rear stabilizer bar
857,Four-wheel independent suspension
857,Front and rear stabilizer bar
858,Four-wheel independent suspension
858,Front and rear stabilizer bar
859,Four-wheel independent suspension
859,Front and rear stabilizer bar
860,Four-wheel independent suspension
860,Front and rear stabilizer bar
861,Four-wheel independent suspension
861,Front and rear stabilizer bar
862,Four-wheel independent suspension
862,Front and rear stabilizer bar
863,Four-wheel independent suspension
863,Front and rear stabilizer bar
864,Four-wheel independent suspension
864,Front and rear stabilizer bar
865,Four-wheel independent suspension
865,Front and rear stabilizer bar
866,Four-wheel independent suspension
866,Front and rear stabilizer bar
867,Four-wheel independent suspension
867,Front and rear stabilizer bar
868,Front independent suspension
868,Stabilizer bar stabilizer bar
869,Front independent suspension
869,Stabilizer bar stabilizer bar
870,Front independent suspension
870,Stabilizer bar stabilizer bar
871,Front independent suspension
871,Stabilizer bar stabilizer bar
872,Double wishbone front suspension
872,Multi-link rear suspension
872,Four-wheel independent suspension
872,Front and rear stabilizer bar
873,Four-wheel independent suspension
873,Front and rear stabilizer bar
874,Double wishbone front suspension
874,Multi-link rear suspension
874,Four-wheel independent suspension
874,Front and rear stabilizer bar
875,Four-wheel independent suspension
875,Front and rear stabilizer bar
876,Front independent suspension
876,Front and rear stabilizer bar
877,Front independent suspension
877,Front and rear stabilizer bar
878,Front independent suspension
878,Front and rear stabilizer bar
879,Front independent suspension
879,Front and rear stabilizer bar
880,Front independent suspension
880,Front and rear stabilizer bar
881,Front independent suspension
881,Front and rear stabilizer bar
882,Four-wheel independent suspension
882,Front and rear stabilizer bar
883,Four-wheel independent suspension
883,Front and rear stabilizer bar
884,Four-wheel independent suspension
884,Front and rear stabilizer bar
885,Front independent suspension
885,Front and rear stabilizer bar
886,Front independent suspension
886,Front and rear stabilizer bar
887,Front independent suspension
887,Front and rear stabilizer bar
888,Front independent suspension
888,Front and rear stabilizer bar
889,Front independent suspension
889,Stabilizer bar stabilizer bar
890,Front independent suspension
890,Stabilizer bar stabilizer bar
891,Four-wheel independent suspension
891,Front and rear stabilizer bar
892,Four-wheel independent suspension
892,Front and rear stabilizer bar
893,Four-wheel independent suspension
893,Stabilizer bar stabilizer bar
894,Four-wheel independent suspension
894,Stabilizer bar stabilizer bar
895,Four-wheel independent suspension
895,Front and rear stabilizer bar
896,Four-wheel independent suspension
896,Front and rear stabilizer bar
897,Four-wheel independent suspension
897,Front and rear stabilizer bar
898,Front independent suspension
898,Front and rear stabilizer bar
899,Front independent suspension
899,Front and rear stabilizer bar
900,Front independent suspension
900,Stabilizer bar stabilizer bar
901,Front independent suspension
901,Stabilizer bar stabilizer bar
902,Front independent suspension
902,Stabilizer bar stabilizer bar
903,Double wishbone front suspension
903,Solid live axle rear suspension
903,Front independent suspension
903,Stabilizer bar stabilizer bar
904,MacPherson strut front suspension
904,Torsion beam rear suspension
904,Front independent suspension
904,Front and rear stabilizer bar
905,Front independent suspension
905,Front and rear stabilizer bar
906,MacPherson strut front suspension
906,Torsion beam rear suspension
906,Front independent suspension
906,Front and rear stabilizer bar
907,Front independent suspension
907,Front and rear stabilizer bar
908,Front independent suspension
908,Front and rear stabilizer bar
909,Four-wheel independent suspension
909,Front and rear stabilizer bar
910,Four-wheel independent suspension
910,Front and rear stabilizer bar
911,Four-wheel independent suspension
911,Front and rear stabilizer bar
912,Four-wheel independent suspension
912,Front and rear stabilizer bar
913,Four-wheel independent suspension
913,Front and rear stabilizer bar
914,Four-wheel independent suspension
914,Front and rear stabilizer bar
915,Four-wheel independent suspension
915,Front and rear stabilizer bar
916,Four-wheel independent suspension
916,Front and rear stabilizer bar
917,Four-wheel independent suspension
917,Front and rear stabilizer bar
918,Four-wheel independent suspension
918,Front and rear stabilizer bar
919,Four-wheel independent suspension
919,Front and rear stabilizer bar
920,Four-wheel independent suspension
921,Modified MacPherson strut front suspension
921,Modified MacPherson strut rear suspension
921,Four-wheel independent suspension
921,Front and rear stabilizer bar
922,Four-wheel independent suspension
922,Front and rear stabilizer bar
923,Four-wheel independent suspension
923,Front and rear stabilizer bar
924,Four-wheel independent suspension
924,Front and rear stabilizer bar
925,Four-wheel independent suspension
925,Front and rear stabilizer bar
926,Four-wheel independent suspension
926,Front and rear stabilizer bar
927,Four-wheel independent suspension
927,Front and rear stabilizer bar
928,Four-wheel independent suspension
928,Front and rear stabilizer bar
929,Modified MacPherson strut front suspension
929,Modified MacPherson strut rear suspension
929,Four-wheel independent suspension
929,Front and rear stabilizer bar
930,Four-wheel independent suspension
930,Front and rear stabilizer bar
931,Double wishbone front suspension
931,Multi-link rear suspension
931,Independent suspension independent suspension
931,Front and rear stabilizer bar
932,Four-wheel independent suspension
932,Front and rear stabilizer bar
933,Four-wheel independent suspension
933,Front and rear stabilizer bar
934,Double wishbone front suspension
934,Multi-link rear suspension
934,Four-wheel independent suspension
934,Front and rear stabilizer bar
935,Four-wheel independent suspension
935,Front and rear stabilizer bar
936,Double wishbone front suspension
936,Multi-link rear suspension
936,Four-wheel independent suspension
936,Front and rear stabilizer bar
937,Four-wheel independent suspension
937,Front and rear stabilizer bar
938,Front independent suspension
938,Front and rear stabilizer bar
939,Front independent suspension
939,Front and rear stabilizer bar
940,Front independent suspension
940,Front and rear stabilizer bar
941,Front independent suspension
941,Front and rear stabilizer bar
942,Front independent suspension
942,Front and rear stabilizer bar
943,Front independent suspension
943,Front and rear stabilizer bar
944,Front independent suspension
944,Front and rear stabilizer bar
945,Front independent suspension
945,Front and rear stabilizer bar
946,Front and rear stabilizer bar
947,Front and rear stabilizer bar
948,Front and rear stabilizer bar
949,Front and rear stabilizer bar
950,Front and rear stabilizer bar
951,Front and rear stabilizer bar
952,Front independent suspension
952,Stabilizer bar stabilizer bar
953,Front independent suspension
953,Stabilizer bar stabilizer bar
954,Front independent suspension
954,Stabilizer bar stabilizer bar
955,Front independent suspension
955,Stabilizer bar stabilizer bar
956,Front independent suspension
956,Stabilizer bar stabilizer bar
957,Front independent suspension
957,Stabilizer bar stabilizer bar
958,Four-wheel independent suspension
958,Front and rear stabilizer bar
959,Four-wheel independent suspension
959,Front and rear stabilizer bar
960,Four-wheel independent suspension
960,Front and rear stabilizer bar
961,Four-wheel independent suspension
961,Front and rear stabilizer bar
962,Four-wheel independent suspension
962,Front and rear stabilizer bar
963,Four-wheel independent suspension
963,Front and rear stabilizer bar
964,Four-wheel independent suspension
964,Front and rear stabilizer bar
965,Four-wheel independent suspension
965,Front and rear stabilizer bar
966,Four-wheel independent suspension
966,Front and rear stabilizer bar
967,Four-wheel independent suspension
967,Front and rear stabilizer bar
968,Four-wheel independent suspension
968,Front and rear stabilizer bar
969,MacPherson strut front suspension
969,Double wishbone rear suspension
969,Four-wheel independent suspension
969,Front and rear stabilizer bar
970,Four-wheel independent suspension
970,Front and rear stabilizer bar
971,Front independent suspension
971,Stabilizer bar stabilizer bar
972,Four-wheel independent suspension
972,Front and rear stabilizer bar
973,Front independent suspension
973,Stabilizer bar stabilizer bar
974,Four-wheel independent suspension
974,Front and rear stabilizer bar
975,Four-wheel independent suspension
975,Front and rear stabilizer bar
976,Front independent suspension
976,Stabilizer bar stabilizer bar
977,Front independent suspension
977,Stabilizer bar stabilizer bar
978,Front independent suspension
978,Stabilizer bar stabilizer bar
979,Front independent suspension
979,Stabilizer bar stabilizer bar
980,Front independent suspension
980,Stabilizer bar stabilizer bar
981,Front independent suspension
981,Stabilizer bar stabilizer bar
982,Four-wheel independent suspension
982,Front and rear stabilizer bar
983,Four-wheel independent suspension
983,Front and rear stabilizer bar
984,Four-wheel independent suspension
984,Front and rear stabilizer bar
985,Four-wheel independent suspension
985,Front and rear stabilizer bar
986,MacPherson strut front suspension
986,Double wishbone rear suspension
986,Four-wheel independent suspension
986,Front and rear stabilizer bar
987,Four-wheel independent suspension
987,Front and rear stabilizer bar
988,Four-wheel independent suspension
988,Front and rear stabilizer bar
989,Four-wheel independent suspension
989,Stabilizer bar stabilizer bar
990,Four-wheel independent suspension
990,Front and rear stabilizer bar
991,Four-wheel independent suspension
991,Stabilizer bar stabilizer bar
992,MacPherson strut front suspension
992,Double wishbone rear suspension
992,Four-wheel independent suspension
992,Front and rear stabilizer bar
993,MacPherson strut front suspension
993,Double wishbone rear suspension
993,Four-wheel independent suspension
993,Front and rear stabilizer bar
994,MacPherson strut front suspension
994,Double wishbone rear suspension
994,Four-wheel independent suspension
994,Front and rear stabilizer bar
995,MacPherson strut front suspension
995,Double wishbone rear suspension
995,Four-wheel independent suspension
995,Front and rear stabilizer bar
996,MacPherson strut front suspension
996,Double wishbone rear suspension
996,Four-wheel independent suspension
996,Front and rear stabilizer bar
997,Four-wheel independent suspension
997,Front and rear stabilizer bar
998,Four-wheel independent suspension
998,Front and rear stabilizer bar
999,Four-wheel independent suspension
999,Front and rear stabilizer bar
1000,MacPherson strut front suspension
1000,Double wishbone rear suspension
1000,Four-wheel independent suspension
1000,Front and rear stabilizer bar
1001,MacPherson strut front suspension
1001,Double wishbone rear suspension
1001,Four-wheel independent suspension
1001,Front and rear stabilizer bar
1002,Four-wheel independent suspension
1002,Front and rear stabilizer bar
1003,MacPherson strut front suspension
1003,Double wishbone rear suspension
1003,Four-wheel independent suspension
1003,Front and rear stabilizer bar
1004,MacPherson strut front suspension
1004,Double wishbone rear suspension
1004,Four-wheel independent suspension
1004,Front and rear stabilizer bar
1005,Four-wheel independent suspension
1005,Front and rear stabilizer bar
1006,Four-wheel independent suspension
1006,Front and rear stabilizer bar
1007,MacPherson strut front suspension
1007,Double wishbone rear suspension
1007,Four-wheel independent suspension
1007,Front and rear stabilizer bar
1008,Four-wheel independent suspension
1008,Front and rear stabilizer bar
1009,Four-wheel independent suspension
1009,Front and rear stabilizer bar
1010,Four-wheel independent suspension
1010,Front and rear stabilizer bar
1011,Four-wheel independent suspension
1011,Front and rear stabilizer bar
1012,Four-wheel independent suspension
1012,Front and rear stabilizer bar
1013,Front independent suspension
1013,Front and rear stabilizer bar
1014,Front independent suspension
1014,Front and rear stabilizer bar
1015,Four-wheel independent suspension
1015,Front and rear stabilizer bar
1016,Four-wheel independent suspension
1016,Front and rear stabilizer bar
1017,Four-wheel independent suspension
1017,Front and rear stabilizer bar
1018,Four-wheel independent suspension
1018,Front and rear stabilizer bar
1019,Four-wheel independent suspension
1019,Front and rear stabilizer bar
1020,Four-wheel independent suspension
1020,Front and rear stabilizer bar
1021,Four-wheel independent suspension
1021,Front and rear stabilizer bar
1022,Four-wheel independent suspension
1022,Front and rear stabilizer bar
1023,Front independent suspension
1023,Front and rear stabilizer bar
1024,Front independent suspension
1024,Front and rear stabilizer bar
1025,Double wishbone front suspension
1025,Solid live axle rear suspension
1025,Front independent suspension
1025,Front and rear stabilizer bar
1026,Four-wheel independent suspension
1026,Front and rear stabilizer bar
1027,Four-wheel independent suspension
1027,Front and rear stabilizer bar
1028,Four-wheel independent suspension
1028,Front and rear stabilizer bar
1029,Four-wheel independent suspension
1029,Front and rear stabilizer bar
1030,Double wishbone front suspension
1030,Solid live axle rear suspension
1030,Front independent suspension
1030,Front and rear stabilizer bar
1031,Front independent suspension
1031,Front and rear stabilizer bar
1032,Four-wheel independent suspension
1032,Front and rear stabilizer bar
1033,Front independent suspension
1033,Front and rear stabilizer bar
1034,Four-wheel independent suspension
1034,Front and rear stabilizer bar
1035,Front independent suspension
1035,Stabilizer bar stabilizer bar
1036,Front independent suspension
1036,Stabilizer bar stabilizer bar
1037,Front independent suspension
1037,Stabilizer bar stabilizer bar
1038,Front independent suspension
1038,Stabilizer bar stabilizer bar
1039,Front independent suspension
1039,Stabilizer bar stabilizer bar
1040,Four-wheel independent suspension
1040,Front and rear stabilizer bar
1041,Four-wheel independent suspension
1041,Front and rear stabilizer bar
1042,Four-wheel independent suspension
1042,Front and rear stabilizer bar
1043,Four-wheel independent suspension
1043,Front and rear stabilizer bar
1044,Four-wheel independent suspension
1044,Front and rear stabilizer bar
1045,Front independent suspension
1045,Front and rear stabilizer bar
1046,Front independent suspension
1046,Front and rear stabilizer bar
1047,Front independent suspension
1047,Front and rear stabilizer bar
1048,Front independent suspension
1048,Front and rear stabilizer bar
1049,Front independent suspension
1049,Front and rear stabilizer bar
1050,Front independent suspension
1050,Front and rear stabilizer bar
1051,Front independent suspension
1051,Stabilizer bar stabilizer bar
1052,Front independent suspension
1052,Stabilizer bar stabilizer bar
1053,Front independent suspension
1053,Stabilizer bar stabilizer bar
1054,Front independent suspension
1054,Stabilizer bar stabilizer bar
1055,Front independent suspension
1055,Stabilizer bar stabilizer bar
1056,Front independent suspension
1056,Stabilizer bar stabilizer bar
1057,Four-wheel independent suspension
1057,Front and rear stabilizer bar
1058,Front independent suspension
1058,Stabilizer bar stabilizer bar
1059,Front independent suspension
1059,Stabilizer bar stabilizer bar
1060,Four-wheel independent suspension
1060,Front and rear stabilizer bar
1061,Four-wheel independent suspension
1061,Front and rear stabilizer bar
1062,Four-wheel independent suspension
1062,Front and rear stabilizer bar
1063,Four-wheel independent suspension
1063,Front and rear stabilizer bar
1064,Four-wheel independent suspension
1064,Front and rear stabilizer bar
1065,Four-wheel independent suspension
1065,Front and rear stabilizer bar
1066,Four-wheel independent suspension
1066,Front and rear stabilizer bar
1067,Four-wheel independent suspension
1067,Front and rear stabilizer bar
1068,Four-wheel independent suspension
1068,Front and rear stabilizer bar
1069,Four-wheel independent suspension
1069,Front and rear stabilizer bar
1070,Four-wheel independent suspension
1070,Front and rear stabilizer bar
1071,MacPherson strut front suspension
1071,Torsion beam rear suspension
1071,Front independent suspension
1071,Integrated stabilizer bar stabilizer bar
1072,MacPherson strut front suspension
1072,Multi-link rear suspension
1072,Four-wheel independent suspension
1072,Front and rear stabilizer bar
1073,Four-wheel independent suspension
1073,Front and rear stabilizer bar
1074,MacPherson strut front suspension
1074,Multi-link rear suspension
1074,Four-wheel independent suspension
1074,Front and rear stabilizer bar
1075,Four-wheel independent suspension
1075,Front and rear stabilizer bar
1076,Four-wheel independent suspension
1076,Front and rear stabilizer bar
1077,Four-wheel independent suspension
1077,Front and rear stabilizer bar
1078,Four-wheel independent suspension
1078,Front and rear stabilizer bar
1079,Four-wheel independent suspension
1079,Front and rear stabilizer bar
1080,Four-wheel independent suspension
1080,Front and rear stabilizer bar
1081,MacPherson strut front suspension
1081,Multi-link rear suspension
1081,Four-wheel independent suspension
1081,Front and rear stabilizer bar
1082,Four-wheel independent suspension
1082,Front and rear stabilizer bar
1083,Four-wheel independent suspension
1083,Front and rear stabilizer bar
1084,Four-wheel independent suspension
1084,Front and rear stabilizer bar
1085,Four-wheel independent suspension
1085,Front and rear stabilizer bar
1086,Four-wheel independent suspension
1086,Front and rear stabilizer bar
1087,Four-wheel independent suspension
1087,Front and rear stabilizer bar
1088,Four-wheel independent suspension
1088,Front and rear stabilizer bar
1089,Four-wheel independent suspension
1089,Front and rear stabilizer bar
1090,Four-wheel independent suspension
1090,Front and rear stabilizer bar
1091,Front independent suspension
1091,Front and rear stabilizer bar
1092,Four-wheel independent suspension
1092,Front and rear stabilizer bar
1093,Four-wheel independent suspension
1093,Front and rear stabilizer bar
1094,Four-wheel independent suspension
1094,Front and rear stabilizer bar
1095,MacPherson strut front suspension
1095,Multi-link rear suspension
1095,Four-wheel independent suspension
1095,Front and rear stabilizer bar
1096,MacPherson strut front suspension
1096,Multi-link rear suspension
1096,Four-wheel independent suspension
1096,Front and rear stabilizer bar
1097,MacPherson strut front suspension
1097,Multi-link rear suspension
1097,Four-wheel independent suspension
1097,Front and rear stabilizer bar
1098,Four-wheel independent suspension
1098,Front and rear stabilizer bar
1099,Four-wheel independent suspension
1099,Front and rear stabilizer bar
1100,Four-wheel independent suspension
1100,Front and rear stabilizer bar
1101,Four-wheel independent suspension
1101,Front and rear stabilizer bar
1102,Four-wheel independent suspension
1102,Front and rear stabilizer bar
1103,Four-wheel independent suspension
1103,Stabilizer bar stabilizer bar
1104,Four-wheel independent suspension
1104,Stabilizer bar stabilizer bar
1105,Four-wheel independent suspension
1105,Stabilizer bar stabilizer bar
1106,Four-wheel independent suspension
1106,Stabilizer bar stabilizer bar
1107,Four-wheel independent suspension
1107,Stabilizer bar stabilizer bar
1108,MacPherson strut front suspension
1108,Multi-link rear suspension
1108,Four-wheel independent suspension
1108,Front and rear stabilizer bar
1109,Four-wheel independent suspension
1109,Front and rear stabilizer bar
1110,MacPherson strut front suspension
1110,Multi-link rear suspension
1110,Four-wheel independent suspension
1110,Front and rear stabilizer bar
1111,MacPherson strut front suspension
1111,Multi-link rear suspension
1111,Four-wheel independent suspension
1111,Front and rear stabilizer bar
1112,Four-wheel independent suspension
1112,Front and rear stabilizer bar
1114,Four-wheel independent suspension
1114,Front and rear stabilizer bar
1116,Four-wheel independent suspension
1116,Front and rear stabilizer bar
1117,MacPherson strut front suspension
1117,Multi-link rear suspension
1117,Four-wheel independent suspension
1117,Front and rear stabilizer bar
1118,Four-wheel independent suspension
1118,Front and rear stabilizer bar
1119,MacPherson strut front suspension
1119,Multi-link rear suspension
1119,Four-wheel independent suspension
1119,Front and rear stabilizer bar
1120,Four-wheel independent suspension
1120,Front and rear stabilizer bar
1121,Four-wheel independent suspension
1122,Four-wheel independent suspension
